1,billy,lname1,billy@gmail.com,555-5555
2,sally,lname2,sally@gmail.com,555-5556
3,johnny,lname3,johnny@gmail.com,555-5557
4,kevin,lname4,kevin@gmail.com,555-5558
5,sam,lname5,sam@gmail.com,555-5559
6,mustafa,lname6,mustafa@gmail.com,555-5560
7,stephanie,lname7,stephanie@gmail.com,555-5561
8,jerry,lname8,jerry@gmail.com,555-5562
9,linda,lname9,linda@gmail.com,555-5563
10,joey,lname10,joey@gmail.com,555-5564
11,player11,lname11,player11@gmail.com,555-5565
12,player12,lname12,player12@gmail.com,555-5566
13,player13,lname13,player13@gmail.com,555-5567
14,player14,lname14,player14@gmail.com,555-5568
15,player15,lname15,player15@gmail.com,555-5569
16,player16,lname16,player16@gmail.com,555-5570
17,player17,lname17,player17@gmail.com,555-5571
18,player18,lname18,player18@gmail.com,555-5572
19,player19,lname19,player19@gmail.com,555-5573
20,player20,lname20,player20@gmail.com,555-5574
21,player21,lname21,player21@gmail.com,555-5575
22,player22,lname22,player22@gmail.com,555-5576
23,player23,lname23,player23@gmail.com,555-5577
24,player24,lname24,player24@gmail.com,555-5578
25,player25,lname25,player25@gmail.com,555-5579
26,player26,lname26,player26@gmail.com,555-5580
27,player27,lname27,player27@gmail.com,555-5581
28,player28,lname28,player28@gmail.com,555-5582
29,player29,lname29,player29@gmail.com,555-5583
30,player30,lname30,player30@gmail.com,555-5584
31,player31,lname31,player31@gmail.com,555-5585
32,player32,lname32,player32@gmail.com,555-5586
33,player33,lname33,player33@gmail.com,555-5587
34,player34,lname34,player34@gmail.com,555-5588
35,player35,lname35,player35@gmail.com,555-5589
36,player36,lname36,player36@gmail.com,555-5590
37,player37,lname37,player37@gmail.com,555-5591
38,player38,lname38,player38@gmail.com,555-5592
39,player39,lname39,player39@gmail.com,555-5593
40,player40,lname40,player40@gmail.com,555-5594
41,player41,lname41,player41@gmail.com,555-5595
42,player42,lname42,player42@gmail.com,555-5596
43,player43,lname43,player43@gmail.com,555-5597
44,player44,lname44,player44@gmail.com,555-5598
45,player45,lname45,player45@gmail.com,555-5599
46,player46,lname46,player46@gmail.com,555-5600
47,player47,lname47,player47@gmail.com,555-5601
48,player48,lname48,player48@gmail.com,555-5602
49,player49,lname49,player49@gmail.com,555-5603
50,player50,lname50,player50@gmail.com,555-5604
